id,first_name,last_name,country,client_identifier,btc_address
18,Richard,Drinan,United Kingdom,18,1ErM8yuF3ytzzxLy1uPvQuRveLBygxN15x
32,Wallis,Bamford,United Kingdom,32,12sxmYnPcADAXw1YkxdapRsft2PwHZke7A
33,Saundra,Westall,United Kingdom,33,1GZ7QB7GUFSWnkBHmsj4C4EZYMWni6BVn4
34,Ewart,Rosengren,United Kingdom,34,12o8zrHx6snCPbtkoD9im4ozBtNkHRjeRV
36,Daniel,Buckthorp,Netherlands,36,15X53Z9B9jUNrvFpbr7D554uSc5RL7Pnkg
62,Boyd,Barham,Netherlands,62,16qpYVt6YAAx4JYjzbA8SwTUHoTyB4twRF
67,Lorry,Beavors,United Kingdom,67,12ya1ED93ApPBQRSCuqiehip8KfPEzXYaj
70,Freedman,Dresse,United Kingdom,70,1F8zXTEaf4AFpztMNzQZfo5NUreptaArTD
91,Audy,Eplate,United Kingdom,91,19MZSy1H8S4SaXsmSc3n7AaL2GxQkQkEZx
105,Lacie,Infante,Netherlands,105,13j6FKzrLgumLUqeYH4baeY5qZgiwGW5UC
108,Rhianna,Partkya,Netherlands,108,1RcsodKknm8thkCL6F4Vcmo7f4A7r6ydj
109,Marnia,Dory,Netherlands,109,1HxV2jkyM3PXbsH4qGsVX3hwcAb4SMi4AD
110,Rhody,Swindle,Netherlands,110,15cRJ4mzZd4Vgd33xbVjEtYw9c6f1WfGkC
124,Wyn,Darco,Netherlands,124,1CB7AdhTFBXmxuABm58yKmCmsvVqDjT9P1
128,Vito,Napthine,Netherlands,128,16DbYq1KR8DVSQu5E9WU9ohuofBm5AHB2Q
165,Hilda,Heinecke,Netherlands,165,1KgbP1KXt5xs2sBLudwt7SZM14NZXN2yNd
177,Alfredo,Wissbey,United Kingdom,177,1AJzqEgbbFh2TNLFZrWp1XgCY16gQQ3pBe
189,Eduard,Tsar,Netherlands,189,1PktCHyic9G4aZu15Dd3N1PUf45wW4MmFs
194,Irena,Greated,Netherlands,194,12KTfvJwTfnJn3dFtZ8KaLycn5noXetTFo
197,Penrod,Volette,United Kingdom,197,1Q6UV84patYXfzEdAabyanzRe4cpNHdfkC
199,Ermanno,Surcombe,United Kingdom,199,1GYuD7hkkRkCeVcx9tMXzQ1LwfAUcHUQfN
239,Hollyanne,Golley,Netherlands,239,19KrAve717pGFqYLiQvw63yV3Ar6XabJhD
248,Mattie,Brewer,Netherlands,248,16WS73NGVmHfpuWqPkEjN9pirzG9qkgvPJ
255,Janie,Knowler,Netherlands,255,1JtjCw3Nj42ZPgeFkgFJAPcVCyvt4sMLPh
293,Lia,Ropartz,Netherlands,293,1PJgSoTde2rSpfYRYpied1y35KVke7kvXo
294,Lindie,MacAskie,United Kingdom,294,1DNGHS7oy3K38AnzdAUt8sDw2Dc4WWCj3e
296,Hermia,Mc Pake,Netherlands,296,1A3rYCZeBfy1V1W3ypcfVdZm6TCU3TFkLv
299,Ced,Antunez,Netherlands,299,1C74dmFYGZiSzsZH6Lw41bWCu8U3mTvcth
326,Carlye,Alred,Netherlands,326,16tRkPChNu4RTqJ7tkZa52os2HZvh2hjif
329,Morna,Nurny,United Kingdom,329,18nNxGMaqhqrt4sZs5h3fQDDLpJL5wopFy
345,Thedric,Costen,United Kingdom,345,17AGnU1HVmvAt8gwZ4PoF8bGiPS4ARbRxi
354,Willow,Ochterlonie,Netherlands,354,16Q23WzZFnnADqSq9z2oRDJZE7SJ2bFHrS
360,Blair,De Beauchemp,Netherlands,360,1DTzwp1kZCBx9FED2678d5g5ArrefirrXW
367,Marlow,Maghull,Netherlands,367,1FCv1LeZu798EhajuFMZg49zb5D7KTMZWE
379,Thurston,Jahnel,Netherlands,379,1HZN5ZVgPqK1iVLKVMxH658kZ3pBDBcEw
390,Latashia,Blyde,United Kingdom,390,1FpFASo8TTHYuefzybjiNyDfuaFmBGoGwn
406,Jeffy,Whitbread,Netherlands,406,1BbeY2TE3u7ARieG5FKuSZzbLFHyBkFoQF
414,Jessalin,Gammons,United Kingdom,414,14mRf7cFYsFjerWYsVWEvGN2zRM7tsLVpT
436,Pamella,O'Mannion,Netherlands,436,1xVt3FxfHQvzXPhXVp6VRSEydUUVzRWK7
450,Arte,Warrington,Netherlands,450,15wYxjYgszjPnSwa4b3nvkdLfdBMTprQ9y
462,Neddie,FitzAlan,Netherlands,462,13FaRnAGPb53jC6cw4dQF5qM8XTGRWrY6s
467,Adelaida,Anderer,Netherlands,467,1HHBi9Yt592V74bU5PihuSGekNhGzNGaAw
482,Vevay,Claris,United Kingdom,482,1477584qcLw6e2TntjCVBXJAwnS5tUTQJb
486,Hamish,Pech,Netherlands,486,1CUeR37xJkVY9jVoAh9UYJc4c85RpnNcmD
508,Cecilio,Saltsberger,United Kingdom,508,1N4UFev4krTiWmC1Sbygy1NdxrJxMDsm6D
513,Fielding,Ciccerale,Netherlands,513,18zM2XeTncgJJTm14LDhWbMeUE3nvA8NoD
514,Margalit,Elie,Netherlands,514,191c14CjzgK9DZGE9viRPMyGDqhc2oR46F
529,Chucho,Hardiker,Netherlands,529,14TyQs6ta2MhC2erewxosQTjmrvn2P4Gzo
548,Lissy,Featherstonehaugh,United Kingdom,548,1482bkXGupDD66ypoGjdVuewXr3BaK51fE
577,Carolee,Colquete,Netherlands,577,12EgsYruxuyrwHi6bDC9FXqzGAmuUawHKH
582,Loralyn,Sneezum,United Kingdom,582,18rq3Gymm7G1gaSLarTBvigCCd1UAmWQP7
601,Poul,Kyncl,United Kingdom,601,14GghoTqBDngp1V9PjrdPakZnNZi8VZ8F6
605,Kearney,Cahen,Netherlands,605,1EMUu7w62n5GzRTZ4ZGTUKMwLppUyrD2Pw
616,Daveen,Gwilt,Netherlands,616,1H168tEGqoEeeNDaWmNjyEiubqTz3ZdoKG
621,Malissia,Hains,Netherlands,621,1MdkbruxnQR61UYstTpKsoqP3fUziVQwei
627,Emmaline,Daens,United Kingdom,627,1HBMpsqrFAcMedVt1kUwzvxjtVcExbiAdV
628,Claudia,Casseldine,Netherlands,628,14EWQTXkWhfiQKkKn5JuD5h3EqzLatXbsQ
643,Pauly,English,Netherlands,643,1BqmYwtSwbG8qWUJyqn8TQPB4pWXAx3jMa
656,Giralda,Shird,Netherlands,656,1PUPePBi6wUMGZomfTqcXojjwYQk7Ha2cu
665,Rosaleen,Klamp,United Kingdom,665,12SF66BTEEAYca9V2JFcty3WmsSksTTsSN
691,Bobbie,Kidstoun,Netherlands,691,1BMrJy7Ac4pAyq8ciBFfGhATAgcHXaPb6P
701,Noak,Whitters,Netherlands,701,1Jb4hNfMJy5g4hPtT8kQQ4bbhGdwTbnmjp
706,Silvie,Waddilove,United Kingdom,706,1HHENRw3k9UaA8uVEKnT5dc46jaQcHwiLf
711,Charyl,Guesford,Netherlands,711,1HsSjH6FpNqbFRckMitfzzPMvXiKHDDL3p
726,Shena,Barltrop,Netherlands,726,13LecqUHZxxptc47RXRDcvhDgQHwxqTKVV
733,Findlay,D'Aulby,United Kingdom,733,1MJkvsA6ebFvXFasuJxZvfKNBReLTsA3Kr
749,Myrle,Belleny,Netherlands,749,17qnQP62quZFAzU7QXFpHjMugPcFyoMXHm
751,Cindee,Alliband,Netherlands,751,16pUgN3CTqFCLB2pmBSUjoxyZEreQu4AvB
755,Katharina,Ranger,Netherlands,755,13MLLGGZBp6y24hg13bFA8org9qwwup2fK
760,Steffi,Batham,Netherlands,760,1PapZUVtXEaqD14JtSUhhZcPWR61aNK9kS
766,Aurilia,Faulkes,United Kingdom,766,1MMDugKsUTFEyrTGnoUQrcFCHARHkggVAw
774,Persis,Arrighetti,Netherlands,774,1Myco7rqZBPkR5XdyfqkPot9aPPvJvFZS9
781,Dulcea,Illingsworth,United Kingdom,781,16kmMSiv2d6K4VEat2VN1ifv3JhotXKMK6
785,Menard,de Najera,Netherlands,785,12N2XC2Mxzu6eLd2CTQkS8NKtdYTXvr2kS
788,Corliss,Bickell,United Kingdom,788,16DZD1xnSSbwAm1mbLYJSp56d7Z1TEofZD
798,Judah,Hugnin,Netherlands,798,15tgDNJrxLs78sVijcBeCriRURp24JDqB9
803,Reinaldos,Dodd,United Kingdom,803,1Croxyx7soHCoDY5Q1ta5Wq9CuY7tK4aGV
812,Parsifal,Shorten,Netherlands,812,1Mr6usqpuYeS431Vzycq8GpwuMCipdP3mw
837,Yulma,Downing,Netherlands,837,1E7ZJuTeuSG8Sj4ocNWMymJLERfD1qDYA7
845,Obie,Mockett,Netherlands,845,18UeESWffKqdqg23yfZfZcYAkPVT6cmuD6
848,Randi,Lampe,United Kingdom,848,1CMFYs2K4EyHecdw7Z3oT6a56iVaKG1bM5
862,Pearline,Mazella,Netherlands,862,1GcWp25A1odq7XCoG6HyiCJ2UYDREWrgVP
864,Leonore,Lamartine,United Kingdom,864,13B25YDx2MSG2sUietvwkxzpov4XpDjqwC
873,Lennie,McGillivrie,Netherlands,873,1N75fjtmFdQJmMpacg4oUdt7cWYJXpdKD1
881,Phaidra,Fenech,Netherlands,881,16y7pXoKxg3WrBumhLPq3JoTjhCNtCgEMq
894,Marys,Ciccone,Netherlands,894,1HTBF19dSGssNoC8VWcv3BWbBpi7jYvEZd
910,Gunther,Tremeer,United Kingdom,910,15Bowgs1P3hPwXvhfLCQEftuDmXG5Rfz71
914,Quintus,Wellesley,Netherlands,914,16FJCTiriaZCgyfnWCiJnua1Bka3aBjgrt
924,Justin,Bootland,United Kingdom,924,1GxYQAdNCqqnxJckfxnMapSaXrD7ktkHFv
928,Cletis,Mulvany,United Kingdom,928,16J36sqG4rFfabKcwBoxApRuEQUT3T9JPg
942,Dulcine,Crepin,Netherlands,942,1JK5tVtebu1Dd2gAXcTaS1UCB5BMGijuqa
947,Jordon,Munt,United Kingdom,947,1BJQYwAftZ3UJJpRAERDCcgAkrUZNH6D7g
952,Cale,Gomer,United Kingdom,952,18xzobimRTpaiVjfBajSGaG7JpZeGjzfug
954,Roanna,Izkovitz,Netherlands,954,1MQGXo6xCKnPkRfTyjUyrQ2b4DtxxgoKyG
964,Akim,Tart,Netherlands,964,1HWtSdZgMPTEdzHTAhmnAcFHf3MTasz7zE
966,Lesly,MacAllester,United Kingdom,966,18Mxz7iRKxcGqUyYprSWBEHPpRc5HPdAKa
972,Arnoldo,Bamb,United Kingdom,972,1HkNSAP8Jm58DBiboFDsv916XJCYsfLrdg
981,Griffin,Schurcke,Netherlands,981,19158kwDCddVMpQPUKdLz33yfks1cKbKPE
984,Bordy,Todeo,Netherlands,984,1LCEj6JuVMjBt6wstfNCofLwWgsgm99NMZ
996,Colly,Bossons,United Kingdom,996,1DVbpgQBtf9ouzcCZoWmzLLXRXR56HMQva
